{
    "ADJEM": 7.850849855591601,
    "WAB": 18.74810332838076,
    "Q1_W": -7.661616041377189,
    "T100_W": 11.213503749200006
}