{
    "ADJEM": 3.1455920563817816,
    "RQ": 7.501438184436439,
    "Q1_W": 6.7633764359705095,
    "Q1_L": -2.2095077635548015,
    "Q2_W": 4.653701084972598,
    "Q2_L": -2.423209667527029,
    "Q3_W": 0.07221419803078077,
    "Q3_L": -6.999764853540507,
    "Q4_L": -16.48658423831865
}