{
    "ADJEM": 5.5253779546839645,
    "WAB": 16.542519618901224,
    "Q1_W": 6.528047173692391,
    "Q2_W": 5.355022855830827,
    "T100_W": 9.306541120747148
}